num_inputs,num_outputs,total_amount,fan_out_ratio,label
3,3,382079.46,1.375,licit
2,3,66256.88,1.955,licit
3,2,230569.15,0.469,licit
4,10,775837.45,3.187,illicit
4,6,637315.69,1.423,illicit
1,11,336820.47,16.872,illicit
2,3,290813.82,1.877,licit
6,19,1775824.54,4.462,illicit
1,7,20808973.25,10.218,illicit
3,14,324816.11,5.5,illicit
4,17,801340.42,3.841,illicit
4,4,3287078.02,1.162,illicit
1,3,61503.05,2.167,licit
3,1,39908.29,0.34,licit
3,3,35734.52,1.129,licit
4,9,113858.99,2.357,illicit
1,20,266204.3,29.292,illicit
3,2,259943.92,0.882,licit
2,2,55780.63,1.149,licit
3,2,100656.12,0.914,licit
2,18,1059236.77,8.654,illicit
1,1,184363.95,0.924,licit
4,18,6232380.88,4.238,illicit
1,2,78176.84,2.375,illicit
3,16,965108.75,5.191,illicit
4,7,1866689.06,2.322,illicit
2,10,1198875.73,6.707,illicit
6,5,594042.04,1.04,illicit
2,1,41639.96,0.424,licit
1,3,86248.33,3.902,illicit
6,6,10658932.98,1.382,illicit
2,2,240052.79,1.09,licit
1,3,30389.04,2.374,licit
2,1,384703.61,0.42,licit
6,10,80063.32,2.464,illicit
3,13,2162565.03,5.982,illicit
4,7,2356528.37,2.063,illicit
1,3,279185.5,2.342,licit
2,5,718220.23,3.414,illicit
3,3,88947.19,1.187,licit
2,3,197317.41,1.261,licit
1,1,235119.41,1.25,illicit
2,2,20074.69,1.011,licit
3,14,163145.69,5.163,illicit
2,19,249482.14,10.84,illicit
2,13,1699803.21,7.148,illicit
2,17,1769921.98,10.375,illicit
3,1,159480.24,0.386,illicit
1,2,15217.1,2.609,licit
4,9,2100896.89,3.185,illicit
2,16,658117.15,11.45,illicit
3,1,24225.97,0.39,licit
2,15,1416026.19,11.106,licit
2,18,276932.78,10.87,illicit
5,11,450370.25,1.848,illicit
2,1,214283.45,0.409,licit
2,3,85415.82,1.338,licit
4,9,527776.38,2.698,licit
1,3,1542527.26,2.076,licit
3,14,2285774.31,5.009,illicit
2,3,128131.95,1.488,licit
3,3,62568.03,1.385,licit
5,15,205460.09,2.935,illicit
3,1,388396.07,0.301,licit
3,3,455557.32,0.724,licit
4,13,473080.16,2.722,licit
3,15,427344.37,4.473,illicit
5,19,906769.68,5.124,illicit
4,8,2233034.19,2.451,illicit
6,5,1218739.45,1.201,illicit
1,1,220952.94,1.034,licit
3,1,40594.11,0.369,licit
4,4,555404.87,1.305,illicit
3,5,1086539.0,2.279,illicit
1,1,460289.28,0.748,licit
3,3,11555.74,0.885,licit
1,2,22190.03,2.713,licit
2,12,2233977.98,7.177,illicit
2,13,5286892.28,8.478,illicit
3,3,40596.45,0.811,licit
2,3,62094.12,1.862,licit
2,3,311062.76,1.651,licit
4,10,1753630.29,3.547,illicit
3,6,1414467.48,2.444,illicit
3,1,161143.39,0.252,licit
2,1,38758.85,0.664,licit
3,1,239814.41,0.366,illicit
1,2,12260.29,2.207,licit
4,16,2905027.32,4.232,illicit
1,14,519266.74,20.683,illicit
2,2,119932.78,0.964,illicit
1,1,275108.28,0.818,illicit
3,14,12785607.09,4.861,illicit
2,17,1042315.62,8.987,illicit
3,3,20757.08,0.706,licit
3,14,398920.13,5.304,illicit
6,13,641239.58,2.915,illicit
1,14,2534700.34,18.043,illicit
1,20,3776348.63,22.504,illicit
2,2,28291.42,1.12,licit
2,19,857225.67,9.232,illicit
2,3,26298.74,0.935,licit
2,2,48349.09,0.936,licit
6,7,577396.57,1.345,illicit
1,2,93266.57,1.26,illicit
1,2,132421.88,1.538,licit
1,3,260600.43,2.476,licit
1,2,47722.5,1.56,licit
4,7,355905.38,1.52,illicit
1,3,29619.98,2.692,licit
3,1,143050.81,0.376,licit
4,18,1984817.17,4.282,illicit
1,1,89419.17,0.746,licit
1,2,94304.51,1.431,licit
1,1,88527.28,0.783,illicit
3,2,489980.16,0.489,licit
3,3,135857.04,1.255,licit
2,3,1383616.56,1.273,licit
1,10,3048535.58,9.721,illicit
1,1,163440.45,0.64,licit
2,4,165079.12,3.181,illicit
1,2,56105.77,2.364,illicit
2,1,578629.6,0.376,licit
4,11,861738.03,2.413,illicit
4,16,70267.99,5.771,illicit
2,1,11204.34,0.431,licit
3,1,123822.16,0.427,licit
2,1,362501.0,0.312,licit
2,1,239958.06,0.519,licit
1,1,37199.1,0.869,licit
1,3,76097.94,1.87,licit
2,13,366503.27,9.396,illicit
1,3,54526.82,3.592,licit
2,14,717525.5,7.682,illicit
5,13,8812929.38,3.847,illicit
1,9,3086560.34,9.717,illicit
1,1,57206.97,1.126,licit
4,18,174855.89,5.673,illicit
6,19,81572.63,3.237,illicit
2,10,679638.32,6.962,illicit
5,20,850196.6,5.159,illicit
6,13,494413.22,3.067,illicit
1,1,39877.83,0.776,licit
2,3,403859.83,1.885,licit
3,1,67162.79,0.392,licit
1,1,18801.21,1.202,licit
3,3,150376.56,0.779,licit
3,1,451331.22,0.418,licit
1,18,3073609.87,18.934,illicit
4,20,1073613.51,4.953,illicit
3,1,135101.26,0.317,licit
3,17,516632.44,5.269,illicit
1,7,2109319.92,7.258,illicit
6,8,15447549.15,1.979,illicit
3,1,14357.02,0.447,licit
3,3,79585.43,0.998,illicit
3,5,3013660.1,2.102,licit
3,2,334972.77,0.639,licit
4,19,243475.15,6.055,licit
1,1,242602.73,0.782,licit
1,9,2064430.53,9.101,illicit
1,2,130806.95,1.572,licit
1,3,56197.16,2.358,licit
4,18,519235.63,5.386,illicit
4,17,90478.45,5.643,illicit
2,18,4882050.15,8.659,illicit
2,2,46894.35,1.243,licit
1,5,1128082.7,7.117,illicit
6,20,251987.85,5.04,illicit
3,2,635858.02,0.909,licit
2,4,160257.01,2.102,illicit
2,3,75276.8,1.382,licit
3,3,74860.01,1.094,licit
3,3,52573.35,0.667,licit
2,2,121183.79,1.309,licit
2,1,261904.32,0.507,licit
1,2,446435.48,2.682,licit
6,10,436353.93,2.665,illicit
4,8,1553861.18,2.782,illicit
3,3,20720.1,1.098,licit
1,2,717810.69,1.686,licit
2,1,249200.31,0.311,illicit
2,4,56239.41,2.561,illicit
2,1,35896.07,0.499,licit
1,9,97532.09,13.937,illicit
2,8,771516.05,4.082,illicit
2,10,687143.32,6.187,illicit
2,2,23417.37,0.767,licit
2,1,107906.92,0.603,licit
4,12,166024.28,2.665,illicit
3,1,133274.53,0.458,licit
5,11,1318814.53,2.274,illicit
1,1,238141.6,0.831,licit
3,1,6227.44,0.338,licit
2,7,466056.99,4.682,illicit
2,2,67117.02,1.129,licit
2,19,585763.56,10.15,illicit
1,1,255644.94,1.164,licit
3,11,2295757.46,4.422,illicit
4,10,1275694.49,2.15,illicit
1,3,64857.24,3.888,licit
1,2,20377.09,1.244,licit
2,3,113162.9,1.45,licit
5,6,3259352.12,1.491,illicit
1,3,161582.24,3.189,licit
1,19,30181.37,28.197,licit
2,3,67815.4,1.684,licit
4,7,1311325.72,2.751,licit
2,2,137598.58,0.788,licit
6,4,599548.96,0.665,illicit
3,2,126021.76,0.637,licit
2,16,916075.09,10.709,illicit
1,1,64194.04,0.918,licit
3,2,284496.81,0.804,licit
3,1,78952.79,0.268,licit
1,1,83400.79,1.159,licit
2,2,41479.9,0.859,illicit
3,4,35615.43,2.125,illicit
2,3,61435.03,1.671,licit
1,9,227736.25,10.337,illicit
1,1,101888.46,0.717,licit
3,19,604294.8,9.077,illicit
2,3,128530.52,1.486,licit
1,6,2155270.37,8.822,illicit
5,19,863470.13,5.012,illicit
1,1,105901.07,1.312,illicit
2,2,43549.46,1.068,licit
4,4,888801.42,1.295,illicit
6,20,4178553.38,3.629,illicit
6,15,1985932.02,3.17,illicit
5,8,4953688.04,1.3,illicit
3,17,484789.4,4.997,illicit
5,6,967091.29,1.906,illicit
1,5,1059271.31,5.206,illicit
1,2,23063.35,1.49,licit
6,18,256699.76,3.229,illicit
3,8,5568997.56,2.302,illicit
3,1,223664.03,0.251,illicit
5,14,672910.87,2.967,illicit
5,13,1740836.07,2.951,illicit
2,2,187134.85,0.862,illicit
1,2,175077.14,1.269,licit
1,3,178585.01,3.097,licit
1,2,859156.54,1.308,licit
6,18,120902.71,4.043,illicit
1,2,227985.4,2.333,licit
2,3,321337.62,1.871,licit
2,3,9471.12,1.629,licit
1,2,32998.29,2.239,licit
6,6,200144.69,1.323,illicit
6,19,21974.03,4.528,illicit
3,3,255049.81,0.641,licit
3,1,13561.74,0.311,licit
3,3,32037.88,0.943,licit
5,13,2498644.26,3.898,illicit
6,10,359338.18,2.386,illicit
3,3,87659.55,0.71,licit
3,14,1167393.22,4.884,illicit
3,3,65483.28,1.325,licit
2,15,407837.93,10.865,illicit
1,2,73317.37,2.067,licit
4,17,259879.52,4.362,illicit
3,6,123787.02,3.14,illicit
1,1,111902.54,1.15,licit
2,3,192523.77,1.331,licit
4,12,357595.66,4.382,illicit
1,1,237015.16,1.272,licit
5,12,739538.09,3.461,illicit
2,3,63583.85,1.565,licit
3,3,56102.28,1.122,licit
3,15,2210976.93,4.354,illicit
3,13,375976.7,5.488,illicit
2,3,187699.69,1.5,licit
6,5,1424260.5,1.059,illicit
1,1,185181.05,1.36,licit
3,2,3342.3,0.74,licit
3,2,150989.62,0.575,licit
1,6,75098.92,7.952,licit
1,8,935383.85,7.368,illicit
3,3,174019.76,1.135,licit
5,11,389154.78,2.325,illicit
6,19,795699.5,3.816,illicit
3,3,665120.53,1.148,licit
3,19,530596.4,5.285,licit
2,3,524274.09,1.147,licit
3,1,41783.42,0.464,licit
6,6,116621.76,1.589,illicit
4,9,1122046.96,2.42,illicit
6,11,534444.63,1.654,illicit
6,18,980266.07,3.222,illicit
2,20,689635.4,13.033,illicit
5,18,366647.09,3.539,illicit
2,2,665266.55,0.979,illicit
5,18,347093.63,4.105,illicit
4,6,375269.28,1.647,illicit
3,2,43986.46,0.689,licit
2,3,68259.27,1.895,licit
1,2,38013.08,1.572,licit
1,2,32682.83,2.115,licit
2,7,11014171.5,2.854,illicit
2,14,313413.14,5.611,illicit
1,3,323327.36,2.639,licit
1,2,695750.41,2.6,licit
1,2,343457.92,2.389,licit
2,12,472845.65,6.976,illicit
6,18,366449.92,2.515,illicit
3,2,61097.2,0.612,licit
2,1,26360.47,0.652,licit
2,8,360685.2,3.302,illicit
4,15,285933.97,3.317,illicit
1,14,114301.05,19.951,illicit
2,3,26863.13,1.165,licit
2,2,129921.58,1.04,licit
2,16,589425.9,8.58,illicit
2,2,47917.15,0.921,licit
1,1,617408.06,0.907,licit
4,6,327994.6,1.879,illicit
2,1,96898.45,0.355,licit
6,12,535255.22,2.114,illicit
3,16,868706.1,4.955,illicit
3,2,65751.88,0.476,licit
1,13,339179.77,13.507,licit
2,18,3759918.34,11.92,illicit
1,7,347161.22,6.837,illicit
3,15,1094652.4,6.31,illicit
4,4,528301.78,1.52,illicit
2,1,82997.67,0.675,licit
5,18,936726.7,3.391,illicit
1,1,158481.1,1.181,licit
1,19,662699.98,22.936,licit
3,1,222022.65,0.32,licit
2,2,151267.41,0.856,licit
6,9,433113.38,1.352,illicit
6,15,4562077.03,3.895,illicit
3,2,81690.5,0.579,licit
5,20,279535.98,3.636,illicit
3,3,16488.15,1.218,licit
3,1,20923.1,0.274,licit
1,3,254233.12,3.633,licit
1,3,102454.8,2.35,licit
5,4,35481.19,0.892,illicit
1,1,218327.16,1.027,licit
3,14,879625.37,6.453,illicit
3,8,701866.89,2.504,illicit
1,3,270616.02,3.025,licit
3,2,265474.19,0.61,licit
3,2,118902.24,0.456,licit
3,20,351219.61,6.453,illicit
6,19,524545.42,3.871,illicit
2,1,91184.29,0.362,licit
3,1,903521.25,0.45,licit
1,1,68630.71,0.773,licit
2,6,1238143.88,3.955,licit
2,1,90941.5,0.335,licit
3,1,100234.58,0.437,licit
1,2,45415.09,2.081,illicit
1,3,53360.14,2.976,licit
3,3,125253.69,0.79,licit
1,3,73518.65,3.801,licit
1,3,130462.24,2.584,illicit
6,6,144421.12,1.493,illicit
3,1,186772.99,0.315,licit
1,9,1211246.52,13.092,illicit
2,2,69498.99,0.601,licit
2,20,6242336.15,13.092,illicit
2,3,569277.16,1.682,licit
3,1,295329.98,0.414,licit
1,3,284609.64,2.095,licit
1,1,127218.05,0.982,licit
6,15,256224.18,3.015,illicit
1,20,1969045.9,22.781,illicit
2,2,137673.11,0.827,licit
4,15,202871.82,5.176,illicit
5,12,462139.42,3.714,illicit
3,3,155219.66,1.329,licit
3,2,113908.13,0.622,licit
3,1,171446.03,0.237,licit
6,6,749383.21,1.367,illicit
1,2,276313.44,1.243,licit
3,2,183410.85,0.92,licit
3,3,365116.02,1.228,licit
5,5,549215.64,1.282,illicit
1,2,37914.28,1.588,licit
2,2,85122.36,1.019,licit
3,3,3496510.26,1.256,licit
5,8,226102.05,1.839,licit
2,2,65764.49,0.775,licit
3,1,228210.3,0.267,licit
2,12,1059351.29,7.923,illicit
5,4,165599.12,0.867,illicit
4,5,2121777.21,1.617,illicit
3,2,19404.15,0.705,licit
1,5,711593.71,4.86,illicit
5,14,568804.67,3.862,illicit
1,7,937840.82,7.19,illicit
2,4,650561.85,2.097,illicit
3,8,2800417.82,3.737,illicit
1,3,10026.16,2.816,licit
3,20,2029299.02,10.449,illicit
3,5,1247542.02,1.473,licit
1,14,654803.67,12.862,illicit
3,3,67479.57,0.991,licit
4,9,550855.66,2.095,illicit
5,11,372566.76,2.16,illicit
1,14,2493242.39,19.858,illicit
4,19,221819.21,4.514,illicit
1,3,34586.13,1.982,licit
5,17,46326.37,4.536,illicit
2,4,826066.99,2.98,illicit
3,3,52797.8,1.012,illicit
1,2,54577.52,1.996,licit
6,15,3575061.76,3.893,illicit
3,5,2786499.6,2.375,illicit
3,12,6890670.6,6.126,illicit
3,1,301416.09,0.271,licit
2,3,35433.19,2.002,illicit
2,1,46693.63,0.503,licit
5,7,13509228.15,1.783,illicit
2,4,4501144.44,2.981,illicit
1,2,76871.13,2.111,licit
1,1,105755.37,1.308,licit
4,18,608505.35,5.017,illicit
1,14,84122.09,20.394,licit
2,1,461540.4,0.407,licit
3,5,162306.99,2.122,illicit
3,12,5017216.22,5.041,illicit
4,12,590799.85,3.701,illicit
2,14,1100016.37,6.703,illicit
2,2,131670.34,0.683,licit
2,1,60060.61,0.409,illicit
1,6,1785906.26,8.373,illicit
3,3,27969.13,0.691,licit
2,10,2466326.31,5.958,illicit
1,15,52073.15,13.192,illicit
2,3,548561.2,1.311,licit
3,1,173824.11,0.254,licit
4,11,47754624.97,2.564,illicit
3,3,87068.85,0.783,licit
1,11,18663.59,11.167,illicit
1,2,203655.46,1.775,licit
2,2,8011.91,1.118,licit
2,3,140470.3,1.53,licit
2,2,62275.59,0.658,illicit
5,19,728655.56,3.64,licit
2,3,33464.51,1.185,licit
5,17,3169416.43,4.484,illicit
5,9,3267952.4,1.942,illicit
3,3,258334.41,1.109,licit
6,13,39158.59,2.16,licit
5,9,3502574.5,1.72,illicit
1,9,1755799.58,8.816,illicit
1,2,532526.85,2.639,licit
1,6,773000.89,8.311,illicit
3,18,23883651.41,7.215,illicit
3,10,134447.84,4.255,licit
6,13,345876.59,2.587,illicit
4,14,329010.25,2.876,licit
3,2,40002.56,0.432,licit
3,1,935632.46,0.276,licit
4,20,369562.02,4.089,illicit
1,14,336154.35,22.09,illicit
1,13,695533.37,14.16,illicit
3,2,33823.3,0.423,licit
2,2,151151.36,1.262,licit
2,1,171998.99,0.626,licit
4,18,20816.89,3.809,illicit
6,6,78755.02,1.562,illicit
5,19,276341.33,3.852,illicit
6,7,1106081.15,1.258,illicit
1,5,82317.42,4.018,illicit
1,8,7418729.21,10.853,illicit
1,1,8708.58,0.817,licit
2,1,173340.53,0.601,illicit
3,2,104907.67,0.655,licit
3,2,109754.92,0.541,licit
3,12,535071.31,4.91,illicit
1,2,57248.81,1.2,licit
5,7,212022.44,2.237,illicit
3,9,5110306.47,3.369,illicit
1,2,164136.42,1.931,licit
2,3,33695.22,1.89,licit
3,3,80625.26,0.977,licit
6,9,358992.07,2.011,illicit
4,8,428079.42,1.904,illicit
2,15,1476157.27,8.203,illicit
2,18,9960564.43,14.186,illicit
5,7,321349.43,1.882,illicit
2,1,32869.46,0.697,illicit
3,3,202336.42,0.915,licit
3,12,4969547.46,6.342,licit
5,7,3174035.87,1.164,illicit
3,1,198015.37,0.452,licit
1,2,12053.31,1.923,licit
5,19,201264.31,5.166,illicit
6,4,2080264.76,0.938,illicit
2,13,264686.24,7.058,illicit
6,16,505215.34,3.308,illicit
3,18,515708.27,8.213,illicit
5,18,31370.25,3.613,illicit
3,2,394368.79,0.727,licit
1,4,2582669.05,4.716,illicit
5,14,2377835.32,3.892,illicit
5,16,361437.35,4.665,licit
1,3,67753.37,2.146,licit
1,4,180759.02,5.602,illicit
1,2,291797.85,1.842,licit
6,15,401735.17,2.345,illicit
4,8,577220.61,2.654,licit
3,1,41710.96,0.339,licit
3,2,73145.85,0.51,licit
2,2,66934.45,1.055,licit
2,1,110784.28,0.597,licit
2,2,14021.59,1.295,licit
1,5,1905483.14,7.635,illicit
3,2,65915.91,0.631,licit
3,2,85608.31,0.688,licit
1,13,112949.21,18.249,illicit
5,9,760218.81,1.559,illicit
1,1,278535.52,0.66,licit
4,5,602103.68,1.304,illicit
3,13,2830356.54,6.898,illicit
5,5,257942.44,0.815,illicit
3,2,118953.98,0.466,licit
2,4,2114546.94,1.623,illicit
1,3,58492.96,1.976,licit
2,13,1352870.54,9.046,illicit
3,2,5389.28,0.479,licit
1,3,46177.59,2.29,licit
4,15,51032.29,5.176,illicit
2,16,725965.74,8.212,illicit
2,14,298313.83,10.192,illicit
2,3,73194.2,1.683,licit
6,19,1459076.87,3.705,illicit
2,10,229569.92,7.888,illicit
3,3,26298.07,1.356,licit
3,3,232723.04,1.327,licit
1,14,330422.96,19.954,illicit
3,10,2936046.82,5.251,illicit
1,2,713334.66,1.863,licit
2,10,1043978.17,5.046,illicit
2,3,216514.96,1.139,licit
3,4,312089.87,1.981,illicit
3,19,1421450.86,5.443,illicit
5,4,2317392.88,1.256,illicit
3,3,71177.63,0.795,licit
2,2,69417.35,0.628,licit
6,11,681299.75,1.589,illicit
3,9,252222.72,3.52,illicit
2,20,614316.31,8.271,illicit
1,3,69829.8,3.062,licit
2,14,303418.75,9.982,illicit
2,3,7931.96,1.764,licit
1,3,105346.17,2.32,licit
2,3,146079.88,1.272,licit
3,1,862514.83,0.212,licit
5,19,395878.89,4.355,illicit
5,5,2385571.08,1.183,illicit
4,8,41367.14,3.021,illicit
2,2,168120.78,0.739,licit
2,2,94240.7,1.364,licit
2,12,112041.93,5.551,illicit
2,3,94886.95,1.087,licit
2,3,83247.44,1.496,licit
1,3,1748582.26,2.316,licit
1,2,310467.02,1.894,licit
4,9,1459151.08,3.455,illicit
1,14,81233.16,16.486,illicit
1,2,214610.24,1.262,licit
1,1,101666.49,1.009,licit
6,6,11695800.98,1.323,licit
6,9,509245.98,2.263,illicit
2,13,716091.48,6.111,illicit
4,6,2606169.34,1.394,illicit
1,14,672959.59,16.227,illicit
1,2,57642.31,2.407,licit
2,4,1685953.09,2.103,illicit
3,3,8036.92,1.07,licit
3,5,590307.25,2.491,illicit
1,2,56850.21,1.486,licit
1,1,262522.37,0.781,licit
1,1,379970.26,0.669,licit
1,1,43536.12,0.703,licit
3,2,139599.64,0.841,licit
6,4,136448.54,0.775,illicit
3,18,168172.53,9.02,illicit
5,8,462350.81,2.124,illicit
3,1,65143.2,0.413,licit
1,3,39197.92,3.381,licit
1,11,232342.96,13.473,illicit
1,7,806103.93,10.991,illicit
1,2,290936.95,2.646,licit
5,20,95312.04,3.341,illicit
2,2,171504.65,1.164,licit
1,2,66747.21,2.078,licit
2,9,152367.84,4.68,illicit
3,3,163714.13,0.827,licit
2,3,62155.31,1.43,illicit
4,5,1398487.82,1.219,illicit
3,1,102500.21,0.283,licit
3,13,1432819.7,5.191,illicit
